location,indicator,subject,measure,frequency,time,health_spending_per_cap,Flag Codes,life_expect_birth,country
AUS,HEALTHEXP,TOT,USD_CAP,A,1971,223.592,,71.6,Australia 
AUT,HEALTHEXP,TOT,USD_CAP,A,1971,201.9619,,70.2,Austria
BEL,HEALTHEXP,TOT,USD_CAP,A,1971,168.5058,D,71.2,Belgium 
CAN,HEALTHEXP,TOT,USD_CAP,A,1971,324.0512,,72.9,Canada
DNK,HEALTHEXP,TOT,USD_CAP,A,1971,364.5805,D,73.3,Denmark
FIN,HEALTHEXP,TOT,USD_CAP,A,1971,190.1923,,70.1,Finland
DEU,HEALTHEXP,TOT,USD_CAP,A,1971,302.1459,,70.8,Germany
ISL,HEALTHEXP,TOT,USD_CAP,A,1971,227.8839,D,73.7,Iceland
JPN,HEALTHEXP,TOT,USD_CAP,A,1971,157.0962,D,72.9,Japan
NOR,HEALTHEXP,TOT,USD_CAP,A,1971,156.7782,,74.4,Norway
PRT,HEALTHEXP,TOT,USD_CAP,A,1971,54.6689,,66.4,Portugal
SWE,HEALTHEXP,TOT,USD_CAP,A,1971,302.6247,,74.8,Sweden
CHE,HEALTHEXP,TOT,USD_CAP,A,1971,392.4962,,73.3,Switzerland
GBR,HEALTHEXP,TOT,USD_CAP,A,1971,162.0258,,71.9,UK
USA,HEALTHEXP,TOT,USD_CAP,A,1971,357.983,,71.2,US
AUS,HEALTHEXP,TOT,USD_CAP,A,1972,239.1784,,72,Australia 
AUT,HEALTHEXP,TOT,USD_CAP,A,1972,222.2858,,70.6,Austria
BEL,HEALTHEXP,TOT,USD_CAP,A,1972,191.5558,D,71.5,Belgium 
DNK,HEALTHEXP,TOT,USD_CAP,A,1972,397.7483,D,73.4,Denmark
FIN,HEALTHEXP,TOT,USD_CAP,A,1972,216.3275,,70.7,Finland
DEU,HEALTHEXP,TOT,USD_CAP,A,1972,343.7003,,71,Germany
ISL,HEALTHEXP,TOT,USD_CAP,A,1972,243.8671,D,74.5,Iceland
JPN,HEALTHEXP,TOT,USD_CAP,A,1972,179.3623,D,73.2,Japan
NLD,HEALTHEXP,TOT,USD_CAP,A,1972,281.4789,,73.8,Netherlands
NOR,HEALTHEXP,TOT,USD_CAP,A,1972,185.9515,,74.6,Norway
PRT,HEALTHEXP,TOT,USD_CAP,A,1972,76.1216,,68.4,Portugal
SWE,HEALTHEXP,TOT,USD_CAP,A,1972,327.5264,,74.8,Sweden
CHE,HEALTHEXP,TOT,USD_CAP,A,1972,416.6092,,73.8,Switzerland
USA,HEALTHEXP,TOT,USD_CAP,A,1972,397.1014,,71.3,US
AUS,HEALTHEXP,TOT,USD_CAP,A,1973,264.0303,,72.1,Australia 
AUT,HEALTHEXP,TOT,USD_CAP,A,1973,249.2017,,71.1,Austria
BEL,HEALTHEXP,TOT,USD_CAP,A,1973,228.2962,D,71.7,Belgium 
DNK,HEALTHEXP,TOT,USD_CAP,A,1973,421.208,D,73.6,Denmark
FIN,HEALTHEXP,TOT,USD_CAP,A,1973,235.8708,,71.2,Finland
DEU,HEALTHEXP,TOT,USD_CAP,A,1973,396.4314,,71.3,Germany
ISL,HEALTHEXP,TOT,USD_CAP,A,1973,247.8772,D,74.6,Iceland
JPN,HEALTHEXP,TOT,USD_CAP,A,1973,196.173,D,73.4,Japan
NLD,HEALTHEXP,TOT,USD_CAP,A,1973,313.6346,,74.2,Netherlands
NOR,HEALTHEXP,TOT,USD_CAP,A,1973,210.1582,,74.7,Norway
PRT,HEALTHEXP,TOT,USD_CAP,A,1973,96.4832,,67.5,Portugal
SWE,HEALTHEXP,TOT,USD_CAP,A,1973,356.8408,,75,Sweden
CHE,HEALTHEXP,TOT,USD_CAP,A,1973,455.9513,,74.1,Switzerland
USA,HEALTHEXP,TOT,USD_CAP,A,1973,439.3022,,71.5,US
AUS,HEALTHEXP,TOT,USD_CAP,A,1974,322.3286,,71.9,Australia 
AUT,HEALTHEXP,TOT,USD_CAP,A,1974,295.0659,,71.1,Austria
BEL,HEALTHEXP,TOT,USD_CAP,A,1974,262.2699,D,72.1,Belgium 
DNK,HEALTHEXP,TOT,USD_CAP,A,1974,494.7508,D,74,Denmark
FIN,HEALTHEXP,TOT,USD_CAP,A,1974,260.8435,,71.2,Finland
DEU,HEALTHEXP,TOT,USD_CAP,A,1974,468.7214,,71.5,Germany
ISL,HEALTHEXP,TOT,USD_CAP,A,1974,321.6482,D,74.6,Iceland
JPN,HEALTHEXP,TOT,USD_CAP,A,1974,228.7534,D,73.7,Japan
NLD,HEALTHEXP,TOT,USD_CAP,A,1974,365.8162,,74.6,Netherlands
NOR,HEALTHEXP,TOT,USD_CAP,A,1974,236.5434,,75.1,Norway
PRT,HEALTHEXP,TOT,USD_CAP,A,1974,112.1765,,68.1,Portugal
SWE,HEALTHEXP,TOT,USD_CAP,A,1974,416.1785,,75.1,Sweden
CHE,HEALTHEXP,TOT,USD_CAP,A,1974,535.5791,,74.4,Switzerland
USA,HEALTHEXP,TOT,USD_CAP,A,1974,495.123,,72.1,US
AUS,HEALTHEXP,TOT,USD_CAP,A,1975,401.8512,,72.7,Australia 
AUT,HEALTHEXP,TOT,USD_CAP,A,1975,412.0627,,71.2,Austria
BEL,HEALTHEXP,TOT,USD_CAP,A,1975,352.0285,D,72.1,Belgium 
DNK,HEALTHEXP,TOT,USD_CAP,A,1975,547.0066,D,74.2,Denmark
FIN,HEALTHEXP,TOT,USD_CAP,A,1975,315.7781,,71.7,Finland
FRA,HEALTHEXP,TOT,USD_CAP,A,1975,362.5645,,73,France
DEU,HEALTHEXP,TOT,USD_CAP,A,1975,555.566,,71.4,Germany
ISL,HEALTHEXP,TOT,USD_CAP,A,1975,377.2202,D,75.7,Iceland
JPN,HEALTHEXP,TOT,USD_CAP,A,1975,281.4097,D,74.3,Japan
NLD,HEALTHEXP,TOT,USD_CAP,A,1975,419.7165,,74.6,Netherlands
NOR,HEALTHEXP,TOT,USD_CAP,A,1975,292.6418,,75.1,Norway
PRT,HEALTHEXP,TOT,USD_CAP,A,1975,154.4927,,68.4,Portugal
ESP,HEALTHEXP,TOT,USD_CAP,A,1975,200.2777,,73.3,Spain
SWE,HEALTHEXP,TOT,USD_CAP,A,1975,485.6318,,75.2,Sweden
CHE,HEALTHEXP,TOT,USD_CAP,A,1975,618.5619,,74.8,Switzerland
TUR,HEALTHEXP,TOT,USD_CAP,A,1975,45.5623,D,56.1,Turkey
USA,HEALTHEXP,TOT,USD_CAP,A,1975,560.7455,,72.7,US
AUS,HEALTHEXP,TOT,USD_CAP,A,1976,430.061,,72.8,Australia 
AUT,HEALTHEXP,TOT,USD_CAP,A,1976,471.7179,,71.7,Austria
BEL,HEALTHEXP,TOT,USD_CAP,A,1976,406.3051,D,72.2,Belgium 
CAN,HEALTHEXP,TOT,USD_CAP,A,1976,522.4715,,73.9,Canada
DNK,HEALTHEXP,TOT,USD_CAP,A,1976,602.9201,D,73.9,Denmark
FIN,HEALTHEXP,TOT,USD_CAP,A,1976,353.2043,,72,Finland
DEU,HEALTHEXP,TOT,USD_CAP,A,1976,619.4491,,71.8,Germany
ISL,HEALTHEXP,TOT,USD_CAP,A,1976,391.7099,D,77.1,Iceland
JPN,HEALTHEXP,TOT,USD_CAP,A,1976,305.5513,D,74.8,Japan
NLD,HEALTHEXP,TOT,USD_CAP,A,1976,455.6937,,74.7,Netherlands
NOR,HEALTHEXP,TOT,USD_CAP,A,1976,333.3121,,75.3,Norway
PRT,HEALTHEXP,TOT,USD_CAP,A,1976,163.886,,69,Portugal
ESP,HEALTHEXP,TOT,USD_CAP,A,1976,240.2397,,73.7,Spain
SWE,HEALTHEXP,TOT,USD_CAP,A,1976,538.2929,,75.1,Sweden
CHE,HEALTHEXP,TOT,USD_CAP,A,1976,669.7635,,74.9,Switzerland
TUR,HEALTHEXP,TOT,USD_CAP,A,1976,40.9581,D,56.5,Turkey
USA,HEALTHEXP,TOT,USD_CAP,A,1976,638.8557,,73,US
AUS,HEALTHEXP,TOT,USD_CAP,A,1977,472.8991,,73.4,Australia 
AUT,HEALTHEXP,TOT,USD_CAP,A,1977,521.641,,72,Austria
BEL,HEALTHEXP,TOT,USD_CAP,A,1977,469.1313,D,72.9,Belgium 
DNK,HEALTHEXP,TOT,USD_CAP,A,1977,635.8864,D,74.9,Denmark
FIN,HEALTHEXP,TOT,USD_CAP,A,1977,387.709,,72.4,Finland
DEU,HEALTHEXP,TOT,USD_CAP,A,1977,675.8422,,72.5,Germany
ISL,HEALTHEXP,TOT,USD_CAP,A,1977,444.8947,D,76.5,Iceland
JPN,HEALTHEXP,TOT,USD_CAP,A,1977,343.9546,D,75.3,Japan
NLD,HEALTHEXP,TOT,USD_CAP,A,1977,497.4076,,75.3,Netherlands
NOR,HEALTHEXP,TOT,USD_CAP,A,1977,382.545,,75.7,Norway
PRT,HEALTHEXP,TOT,USD_CAP,A,1977,162.3001,,70.1,Portugal
ESP,HEALTHEXP,TOT,USD_CAP,A,1977,273.0869,,74.2,Spain
SWE,HEALTHEXP,TOT,USD_CAP,A,1977,622.7401,,75.6,Sweden
CHE,HEALTHEXP,TOT,USD_CAP,A,1977,730.4875,,75.4,Switzerland
TUR,HEALTHEXP,TOT,USD_CAP,A,1977,51.5739,D,56.9,Turkey
USA,HEALTHEXP,TOT,USD_CAP,A,1977,726.2369,,73.4,US
AUS,HEALTHEXP,TOT,USD_CAP,A,1978,510.7161,,73.7,Australia 
AUT,HEALTHEXP,TOT,USD_CAP,A,1978,579.8399,,72.1,Austria
BEL,HEALTHEXP,TOT,USD_CAP,A,1978,531.6262,D,72.8,Belgium 
DNK,HEALTHEXP,TOT,USD_CAP,A,1978,703.1093,D,74.6,Denmark
FIN,HEALTHEXP,TOT,USD_CAP,A,1978,421.6848,,73,Finland
DEU,HEALTHEXP,TOT,USD_CAP,A,1978,752.8158,,72.4,Germany
ISL,HEALTHEXP,TOT,USD_CAP,A,1978,538.854,D,76.7,Iceland
IRL,HEALTHEXP,TOT,USD_CAP,A,1978,338.8649,,71.5,Ireland
JPN,HEALTHEXP,TOT,USD_CAP,A,1978,397.0256,D,75.7,Japan
NLD,HEALTHEXP,TOT,USD_CAP,A,1978,551.5421,,75.3,Netherlands
NOR,HEALTHEXP,TOT,USD_CAP,A,1978,465.2548,,75.8,Norway
PRT,HEALTHEXP,TOT,USD_CAP,A,1978,182.1873,,70.5,Portugal
ESP,HEALTHEXP,TOT,USD_CAP,A,1978,294.7268,,74.5,Spain
SWE,HEALTHEXP,TOT,USD_CAP,A,1978,680.4523,,75.7,Sweden
CHE,HEALTHEXP,TOT,USD_CAP,A,1978,786.1328,,75.4,Switzerland
TUR,HEALTHEXP,TOT,USD_CAP,A,1978,61.9462,D,57.3,Turkey
USA,HEALTHEXP,TOT,USD_CAP,A,1978,808.8881,,73.5,US
AUS,HEALTHEXP,TOT,USD_CAP,A,1979,554.7626,,74.3,Australia 
AUT,HEALTHEXP,TOT,USD_CAP,A,1979,660.0909,,72.4,Austria
BEL,HEALTHEXP,TOT,USD_CAP,A,1979,586.8149,D,73.3,Belgium 
CAN,HEALTHEXP,TOT,USD_CAP,A,1979,678.4152,,75.1,Canada
DNK,HEALTHEXP,TOT,USD_CAP,A,1979,797.9974,D,74.4,Denmark
FIN,HEALTHEXP,TOT,USD_CAP,A,1979,476.0903,,73.2,Finland
DEU,HEALTHEXP,TOT,USD_CAP,A,1979,832.6286,,72.8,Germany
IRL,HEALTHEXP,TOT,USD_CAP,A,1979,392.5665,,72.3,Ireland
JPN,HEALTHEXP,TOT,USD_CAP,A,1979,459.1314,D,76.2,Japan
NLD,HEALTHEXP,TOT,USD_CAP,A,1979,620.2936,,75.7,Netherlands
NOR,HEALTHEXP,TOT,USD_CAP,A,1979,478.8375,,75.8,Norway
PRT,HEALTHEXP,TOT,USD_CAP,A,1979,200.3286,,71.3,Portugal
ESP,HEALTHEXP,TOT,USD_CAP,A,1979,313.0721,,75,Spain
SWE,HEALTHEXP,TOT,USD_CAP,A,1979,752.2703,,75.7,Sweden
CHE,HEALTHEXP,TOT,USD_CAP,A,1979,882.7052,,75.7,Switzerland
TUR,HEALTHEXP,TOT,USD_CAP,A,1979,64.6638,D,57.7,Turkey
USA,HEALTHEXP,TOT,USD_CAP,A,1979,908.9625,,73.9,US
AUS,HEALTHEXP,TOT,USD_CAP,A,1980,615.7256,,74.6,Australia 
AUT,HEALTHEXP,TOT,USD_CAP,A,1980,742.5189,,72.6,Austria
BEL,HEALTHEXP,TOT,USD_CAP,A,1980,645.0063,D,73.3,Belgium 
CAN,HEALTHEXP,TOT,USD_CAP,A,1980,766.2398,,75.3,Canada
DNK,HEALTHEXP,TOT,USD_CAP,A,1980,861.222,,74.3,Denmark
FIN,HEALTHEXP,TOT,USD_CAP,A,1980,538.641,,73.6,Finland
FRA,HEALTHEXP,TOT,USD_CAP,A,1980,649.5386,,74.3,France
DEU,HEALTHEXP,TOT,USD_CAP,A,1980,941.1213,,72.9,Germany
ISL,HEALTHEXP,TOT,USD_CAP,A,1980,723.158,B,77,Iceland
IRL,HEALTHEXP,TOT,USD_CAP,A,1980,481.1329,,72.9,Ireland
JPN,HEALTHEXP,TOT,USD_CAP,A,1980,544.6309,D,76.1,Japan
NLD,HEALTHEXP,TOT,USD_CAP,A,1980,698.4237,,75.9,Netherlands
NOR,HEALTHEXP,TOT,USD_CAP,A,1980,528.5853,,75.9,Norway
PRT,HEALTHEXP,TOT,USD_CAP,A,1980,264.2319,,71.4,Portugal
ESP,HEALTHEXP,TOT,USD_CAP,A,1980,351.2603,,75.4,Spain
SWE,HEALTHEXP,TOT,USD_CAP,A,1980,866.5531,,75.9,Sweden
CHE,HEALTHEXP,TOT,USD_CAP,A,1980,1007.6518,,75.7,Switzerland
TUR,HEALTHEXP,TOT,USD_CAP,A,1980,69.4238,D,58.1,Turkey
GBR,HEALTHEXP,TOT,USD_CAP,A,1980,446.9553,,73.2,UK
USA,HEALTHEXP,TOT,USD_CAP,A,1980,1036.3091,,73.7,US
AUS,HEALTHEXP,TOT,USD_CAP,A,1981,697.3706,,74.9,Australia 
AUT,HEALTHEXP,TOT,USD_CAP,A,1981,693.6662,,72.9,Austria
BEL,HEALTHEXP,TOT,USD_CAP,A,1981,750.4773,D,73.7,Belgium 
CAN,HEALTHEXP,TOT,USD_CAP,A,1981,882.5133,,75.5,Canada
DNK,HEALTHEXP,TOT,USD_CAP,A,1981,955.3799,,74.4,Denmark
FIN,HEALTHEXP,TOT,USD_CAP,A,1981,606.4913,,73.9,Finland
DEU,HEALTHEXP,TOT,USD_CAP,A,1981,1070.3393,,73.2,Germany
ISL,HEALTHEXP,TOT,USD_CAP,A,1981,832.769,,76.6,Iceland
IRL,HEALTHEXP,TOT,USD_CAP,A,1981,508.173,,72.9,Ireland
JPN,HEALTHEXP,TOT,USD_CAP,A,1981,622.7155,D,76.5,Japan
NLD,HEALTHEXP,TOT,USD_CAP,A,1981,762.9227,,76,Netherlands
NOR,HEALTHEXP,TOT,USD_CAP,A,1981,588.4691,,76.1,Norway
PRT,HEALTHEXP,TOT,USD_CAP,A,1981,305.3306,,71.7,Portugal
ESP,HEALTHEXP,TOT,USD_CAP,A,1981,390.9626,,75.7,Spain
SWE,HEALTHEXP,TOT,USD_CAP,A,1981,963.2356,,76.2,Sweden
CHE,HEALTHEXP,TOT,USD_CAP,A,1981,1123.2798,,75.9,Switzerland
TUR,HEALTHEXP,TOT,USD_CAP,A,1981,85.3679,D,58.5,Turkey
GBR,HEALTHEXP,TOT,USD_CAP,A,1981,505.5757,,73.8,UK
USA,HEALTHEXP,TOT,USD_CAP,A,1981,1191.5418,,74.1,US
AUS,HEALTHEXP,TOT,USD_CAP,A,1982,731.9027,,74.7,Australia 
AUT,HEALTHEXP,TOT,USD_CAP,A,1982,747.8722,,73.1,Austria
BEL,HEALTHEXP,TOT,USD_CAP,A,1982,829.7761,D,74,Belgium 
CAN,HEALTHEXP,TOT,USD_CAP,A,1982,993.885,,75.9,Canada
DNK,HEALTHEXP,TOT,USD_CAP,A,1982,1059.2843,,74.7,Denmark
FIN,HEALTHEXP,TOT,USD_CAP,A,1982,670.5173,,74.6,Finland
DEU,HEALTHEXP,TOT,USD_CAP,A,1982,1110.4089,,73.5,Germany
ISL,HEALTHEXP,TOT,USD_CAP,A,1982,933.9135,,77.1,Iceland
IRL,HEALTHEXP,TOT,USD_CAP,A,1982,535.7402,,72.9,Ireland
JPN,HEALTHEXP,TOT,USD_CAP,A,1982,695.7236,D,76.9,Japan
NLD,HEALTHEXP,TOT,USD_CAP,A,1982,823.657,,76.1,Netherlands
NOR,HEALTHEXP,TOT,USD_CAP,A,1982,647.0286,,76.2,Norway
PRT,HEALTHEXP,TOT,USD_CAP,A,1982,333.1386,,72.5,Portugal
ESP,HEALTHEXP,TOT,USD_CAP,A,1982,425.6855,,76.3,Spain
SWE,HEALTHEXP,TOT,USD_CAP,A,1982,1046.4884,,76.5,Sweden
CHE,HEALTHEXP,TOT,USD_CAP,A,1982,1194.4246,,76.2,Switzerland
TUR,HEALTHEXP,TOT,USD_CAP,A,1982,76.3853,D,58.9,Turkey
GBR,HEALTHEXP,TOT,USD_CAP,A,1982,531.47,,74.1,UK
USA,HEALTHEXP,TOT,USD_CAP,A,1982,1329.6731,,74.5,US
AUS,HEALTHEXP,TOT,USD_CAP,A,1983,773.4711,,75.5,Australia 
AUT,HEALTHEXP,TOT,USD_CAP,A,1983,779.4923,,73.1,Austria
BEL,HEALTHEXP,TOT,USD_CAP,A,1983,886.4823,D,74,Belgium 
CAN,HEALTHEXP,TOT,USD_CAP,A,1983,1073.7424,,76.2,Canada
DNK,HEALTHEXP,TOT,USD_CAP,A,1983,1103.22,,74.6,Denmark
FIN,HEALTHEXP,TOT,USD_CAP,A,1983,724.6794,,74.4,Finland
DEU,HEALTHEXP,TOT,USD_CAP,A,1983,1175.1552,,73.8,Germany
ISL,HEALTHEXP,TOT,USD_CAP,A,1983,1027.8413,,77,Iceland
JPN,HEALTHEXP,TOT,USD_CAP,A,1983,751.8829,D,77,Japan
NLD,HEALTHEXP,TOT,USD_CAP,A,1983,870.5367,,76.3,Netherlands
NOR,HEALTHEXP,TOT,USD_CAP,A,1983,719.5041,,76.3,Norway
PRT,HEALTHEXP,TOT,USD_CAP,A,1983,326.4657,,72.4,Portugal
ESP,HEALTHEXP,TOT,USD_CAP,A,1983,461.2502,,76.1,Spain
SWE,HEALTHEXP,TOT,USD_CAP,A,1983,1095.6925,,76.7,Sweden
CHE,HEALTHEXP,TOT,USD_CAP,A,1983,1310.4866,,76.2,Switzerland
TUR,HEALTHEXP,TOT,USD_CAP,A,1983,83.6714,D,59.7,Turkey
GBR,HEALTHEXP,TOT,USD_CAP,A,1983,597.8042,,74.3,UK
USA,HEALTHEXP,TOT,USD_CAP,A,1983,1451.9445,,74.6,US
AUS,HEALTHEXP,TOT,USD_CAP,A,1984,817.2866,,75.8,Australia 
AUT,HEALTHEXP,TOT,USD_CAP,A,1984,814.0641,,73.7,Austria
BEL,HEALTHEXP,TOT,USD_CAP,A,1984,919.2787,D,74.5,Belgium 
CAN,HEALTHEXP,TOT,USD_CAP,A,1984,1149.5639,,76.5,Canada
DNK,HEALTHEXP,TOT,USD_CAP,A,1984,1127.0169,,74.8,Denmark
FIN,HEALTHEXP,TOT,USD_CAP,A,1984,775.8805,,74.8,Finland
DEU,HEALTHEXP,TOT,USD_CAP,A,1984,1274.0643,,74.3,Germany
ISL,HEALTHEXP,TOT,USD_CAP,A,1984,1033.6359,,77.7,Iceland
JPN,HEALTHEXP,TOT,USD_CAP,A,1984,783.9361,D,77.4,Japan
NLD,HEALTHEXP,TOT,USD_CAP,A,1984,888.2889,,76.4,Netherlands
NOR,HEALTHEXP,TOT,USD_CAP,A,1984,741.4723,,76.4,Norway
PRT,HEALTHEXP,TOT,USD_CAP,A,1984,339.0358,,72.7,Portugal
ESP,HEALTHEXP,TOT,USD_CAP,A,1984,467.168,,76.5,Spain
SWE,HEALTHEXP,TOT,USD_CAP,A,1984,1152.9266,,77,Sweden
CHE,HEALTHEXP,TOT,USD_CAP,A,1984,1346.3352,,76.9,Switzerland
TUR,HEALTHEXP,TOT,USD_CAP,A,1984,86.4412,D,60.9,Turkey
GBR,HEALTHEXP,TOT,USD_CAP,A,1984,622.0385,,74.5,UK
USA,HEALTHEXP,TOT,USD_CAP,A,1984,1590.6675,,74.7,US
AUS,HEALTHEXP,TOT,USD_CAP,A,1985,881.2391,,75.6,Australia 
AUT,HEALTHEXP,TOT,USD_CAP,A,1985,879.5659,,73.9,Austria
BEL,HEALTHEXP,TOT,USD_CAP,A,1985,971.0915,D,74.6,Belgium 
CAN,HEALTHEXP,TOT,USD_CAP,A,1985,1232.7336,,76.5,Canada
DNK,HEALTHEXP,TOT,USD_CAP,A,1985,1205.5467,,74.6,Denmark
FIN,HEALTHEXP,TOT,USD_CAP,A,1985,877.3167,,74.5,Finland
FRA,HEALTHEXP,TOT,USD_CAP,A,1985,1004.0484,,75.4,France
DEU,HEALTHEXP,TOT,USD_CAP,A,1985,1372.0026,,74.4,Germany
ISL,HEALTHEXP,TOT,USD_CAP,A,1985,1132.1416,,77.7,Iceland
IRL,HEALTHEXP,TOT,USD_CAP,A,1985,618.6488,,73.4,Ireland
JPN,HEALTHEXP,TOT,USD_CAP,A,1985,863.347,D,77.6,Japan
NLD,HEALTHEXP,TOT,USD_CAP,A,1985,934.4091,,76.5,Netherlands
NOR,HEALTHEXP,TOT,USD_CAP,A,1985,805.0504,,76.1,Norway
PRT,HEALTHEXP,TOT,USD_CAP,A,1985,389.0126,,73,Portugal
ESP,HEALTHEXP,TOT,USD_CAP,A,1985,480.4681,,76.4,Spain
SWE,HEALTHEXP,TOT,USD_CAP,A,1985,1151.9123,,76.8,Sweden
CHE,HEALTHEXP,TOT,USD_CAP,A,1985,1434.7317,,77,Switzerland
TUR,HEALTHEXP,TOT,USD_CAP,A,1985,64.0561,,62.1,Turkey
GBR,HEALTHEXP,TOT,USD_CAP,A,1985,654.4169,,74.7,UK
USA,HEALTHEXP,TOT,USD_CAP,A,1985,1735.1606,,74.7,US
AUS,HEALTHEXP,TOT,USD_CAP,A,1986,941.1635,,76.1,Australia 
AUT,HEALTHEXP,TOT,USD_CAP,A,1986,933.7634,,74.4,Austria
BEL,HEALTHEXP,TOT,USD_CAP,A,1986,1033.5016,D,74.8,Belgium 
CAN,HEALTHEXP,TOT,USD_CAP,A,1986,1312.9797,,76.6,Canada
DNK,HEALTHEXP,TOT,USD_CAP,A,1986,1249.5682,,74.8,Denmark
FIN,HEALTHEXP,TOT,USD_CAP,A,1986,930.1548,,74.8,Finland
DEU,HEALTHEXP,TOT,USD_CAP,A,1986,1412.8683,,74.6,Germany
ISL,HEALTHEXP,TOT,USD_CAP,A,1986,1300.3055,,78.1,Iceland
IRL,HEALTHEXP,TOT,USD_CAP,A,1986,619.5862,,73.6,Ireland
JPN,HEALTHEXP,TOT,USD_CAP,A,1986,894.6269,D,78.1,Japan
NLD,HEALTHEXP,TOT,USD_CAP,A,1986,987.2535,,76.4,Netherlands
NOR,HEALTHEXP,TOT,USD_CAP,A,1986,919.871,,76.5,Norway
PRT,HEALTHEXP,TOT,USD_CAP,A,1986,456.3351,,73.4,Portugal
ESP,HEALTHEXP,TOT,USD_CAP,A,1986,500.6476,,76.7,Spain
SWE,HEALTHEXP,TOT,USD_CAP,A,1986,1166.1314,,77.1,Sweden
CHE,HEALTHEXP,TOT,USD_CAP,A,1986,1519.943,,77.1,Switzerland
TUR,HEALTHEXP,TOT,USD_CAP,A,1986,84.4765,,63.2,Turkey
GBR,HEALTHEXP,TOT,USD_CAP,A,1986,685.1712,,74.8,UK
USA,HEALTHEXP,TOT,USD_CAP,A,1986,1847.7769,,74.7,US
AUS,HEALTHEXP,TOT,USD_CAP,A,1987,981.6215,,76.3,Australia 
AUT,HEALTHEXP,TOT,USD_CAP,A,1987,1015.9254,,74.9,Austria
BEL,HEALTHEXP,TOT,USD_CAP,A,1987,1099.8816,D,75.5,Belgium 
CAN,HEALTHEXP,TOT,USD_CAP,A,1987,1372.9816,,77,Canada
DNK,HEALTHEXP,TOT,USD_CAP,A,1987,1335.6857,,74.9,Denmark
FIN,HEALTHEXP,TOT,USD_CAP,A,1987,1005.4197,,74.8,Finland
DEU,HEALTHEXP,TOT,USD_CAP,A,1987,1484.8339,,75,Germany
ISL,HEALTHEXP,TOT,USD_CAP,A,1987,1466.4293,,77.4,Iceland
IRL,HEALTHEXP,TOT,USD_CAP,A,1987,635.8245,,74.5,Ireland
JPN,HEALTHEXP,TOT,USD_CAP,A,1987,952.0212,D,78.5,Japan
NLD,HEALTHEXP,TOT,USD_CAP,A,1987,1042.1446,,76.9,Netherlands
NOR,HEALTHEXP,TOT,USD_CAP,A,1987,993.5674,,76.3,Norway
PRT,HEALTHEXP,TOT,USD_CAP,A,1987,484.2448,,73.8,Portugal
ESP,HEALTHEXP,TOT,USD_CAP,A,1987,548.0774,,76.9,Spain
SWE,HEALTHEXP,TOT,USD_CAP,A,1987,1245.4541,,77.3,Sweden
CHE,HEALTHEXP,TOT,USD_CAP,A,1987,1618.5075,,77.5,Switzerland
TUR,HEALTHEXP,TOT,USD_CAP,A,1987,95.7156,,64.4,Turkey
GBR,HEALTHEXP,TOT,USD_CAP,A,1987,747.8186,,75.2,UK
USA,HEALTHEXP,TOT,USD_CAP,A,1987,1990.545,,74.9,US
AUS,HEALTHEXP,TOT,USD_CAP,A,1988,1039.8854,,76.3,Australia 
AUT,HEALTHEXP,TOT,USD_CAP,A,1988,1083.2472,,75.3,Austria
BEL,HEALTHEXP,TOT,USD_CAP,A,1988,1188.2074,D,75.7,Belgium 
CAN,HEALTHEXP,TOT,USD_CAP,A,1988,1464.7584,,77,Canada
DNK,HEALTHEXP,TOT,USD_CAP,A,1988,1405.2498,,75,Denmark
FIN,HEALTHEXP,TOT,USD_CAP,A,1988,1061.1596,,74.8,Finland
DEU,HEALTHEXP,TOT,USD_CAP,A,1988,1620.0093,,75.2,Germany
GRC,HEALTHEXP,TOT,USD_CAP,A,1988,660.1681,,76.8,Greece
ISL,HEALTHEXP,TOT,USD_CAP,A,1988,1610.2986,,77.2,Iceland
IRL,HEALTHEXP,TOT,USD_CAP,A,1988,661.7991,,74.5,Ireland
ITA,HEALTHEXP,TOT,USD_CAP,A,1988,1074.6384,,76.5,Italy
JPN,HEALTHEXP,TOT,USD_CAP,A,1988,1004.3207,D,78.4,Japan
NLD,HEALTHEXP,TOT,USD_CAP,A,1988,1096.7847,,77.1,Netherlands
NOR,HEALTHEXP,TOT,USD_CAP,A,1988,1042.9272,,76.4,Norway
PRT,HEALTHEXP,TOT,USD_CAP,A,1988,561.7408,,73.8,Portugal
ESP,HEALTHEXP,TOT,USD_CAP,A,1988,661.5783,,76.9,Spain
SWE,HEALTHEXP,TOT,USD_CAP,A,1988,1300.728,,77.1,Sweden
CHE,HEALTHEXP,TOT,USD_CAP,A,1988,1728.7078,,77.5,Switzerland
TUR,HEALTHEXP,TOT,USD_CAP,A,1988,108.3045,,65.2,Turkey
GBR,HEALTHEXP,TOT,USD_CAP,A,1988,803.8776,,75.3,UK
USA,HEALTHEXP,TOT,USD_CAP,A,1988,2210.6963,,74.9,US
AUS,HEALTHEXP,TOT,USD_CAP,A,1989,1091.3294,,76.5,Australia 
AUT,HEALTHEXP,TOT,USD_CAP,A,1989,1189.9067,,75.4,Austria
BEL,HEALTHEXP,TOT,USD_CAP,A,1989,1262.5005,D,75.7,Belgium 
CAN,HEALTHEXP,TOT,USD_CAP,A,1989,1570.801,,77.3,Canada
DNK,HEALTHEXP,TOT,USD_CAP,A,1989,1445.2483,,75,Denmark
FIN,HEALTHEXP,TOT,USD_CAP,A,1989,1161.1685,,75,Finland
DEU,HEALTHEXP,TOT,USD_CAP,A,1989,1609.1452,,75.4,Germany
GRC,HEALTHEXP,TOT,USD_CAP,A,1989,776.5848,,77,Greece
ISL,HEALTHEXP,TOT,USD_CAP,A,1989,1619.7326,,78.2,Iceland
IRL,HEALTHEXP,TOT,USD_CAP,A,1989,685.567,,74.5,Ireland
ITA,HEALTHEXP,TOT,USD_CAP,A,1989,1151.0907,,76.9,Italy
JPN,HEALTHEXP,TOT,USD_CAP,A,1989,1051.3848,D,78.8,Japan
NLD,HEALTHEXP,TOT,USD_CAP,A,1989,1212.3951,,76.9,Netherlands
NOR,HEALTHEXP,TOT,USD_CAP,A,1989,1060.1685,,76.7,Norway
PRT,HEALTHEXP,TOT,USD_CAP,A,1989,573.3407,,74.4,Portugal
ESP,HEALTHEXP,TOT,USD_CAP,A,1989,734.8665,,77,Spain
SWE,HEALTHEXP,TOT,USD_CAP,A,1989,1389.4044,,77.8,Sweden
CHE,HEALTHEXP,TOT,USD_CAP,A,1989,1864.637,,77.7,Switzerland
TUR,HEALTHEXP,TOT,USD_CAP,A,1989,120.8851,,65.7,Turkey
GBR,HEALTHEXP,TOT,USD_CAP,A,1989,845.3638,,75.4,UK
USA,HEALTHEXP,TOT,USD_CAP,A,1989,2440.0611,,75.1,US
AUS,HEALTHEXP,TOT,USD_CAP,A,1990,1154.0445,,77,Australia 
AUT,HEALTHEXP,TOT,USD_CAP,A,1990,1507.933,B,75.7,Austria
BEL,HEALTHEXP,TOT,USD_CAP,A,1990,1354.4443,D,76.1,Belgium 
CAN,HEALTHEXP,TOT,USD_CAP,A,1990,1691.9502,,77.6,Canada
DNK,HEALTHEXP,TOT,USD_CAP,A,1990,1510.6198,,74.9,Denmark
FIN,HEALTHEXP,TOT,USD_CAP,A,1990,1297.9226,,75,Finland
FRA,HEALTHEXP,TOT,USD_CAP,A,1990,1401.3391,,76.9,France
DEU,HEALTHEXP,TOT,USD_CAP,A,1990,1721.5143,,75.3,Germany
GRC,HEALTHEXP,TOT,USD_CAP,A,1990,804.2656,,77.1,Greece
ISL,HEALTHEXP,TOT,USD_CAP,A,1990,1610.2953,,78.1,Iceland
IRL,HEALTHEXP,TOT,USD_CAP,A,1990,750.5787,,74.9,Ireland
ITA,HEALTHEXP,TOT,USD_CAP,A,1990,1281.8826,,77.1,Italy
JPN,HEALTHEXP,TOT,USD_CAP,A,1990,1116.7064,D,78.9,Japan
NLD,HEALTHEXP,TOT,USD_CAP,A,1990,1330.9081,,77,Netherlands
NOR,HEALTHEXP,TOT,USD_CAP,A,1990,1291.4821,,76.7,Norway
PRT,HEALTHEXP,TOT,USD_CAP,A,1990,616.9194,,74.1,Portugal
ESP,HEALTHEXP,TOT,USD_CAP,A,1990,835.3369,,77,Spain
SWE,HEALTHEXP,TOT,USD_CAP,A,1990,1456.7809,,77.7,Sweden
CHE,HEALTHEXP,TOT,USD_CAP,A,1990,1968.0406,,77.5,Switzerland
TUR,HEALTHEXP,TOT,USD_CAP,A,1990,144.1129,,67.5,Turkey
GBR,HEALTHEXP,TOT,USD_CAP,A,1990,887.939,,75.7,UK
USA,HEALTHEXP,TOT,USD_CAP,A,1990,2700.3541,,75.3,US
AUS,HEALTHEXP,TOT,USD_CAP,A,1991,1229.3906,,77.4,Australia 
AUT,HEALTHEXP,TOT,USD_CAP,A,1991,1608.9806,,75.7,Austria
BEL,HEALTHEXP,TOT,USD_CAP,A,1991,1481.8642,D,76.3,Belgium 
CAN,HEALTHEXP,TOT,USD_CAP,A,1991,1828.6897,,77.8,Canada
DNK,HEALTHEXP,TOT,USD_CAP,A,1991,1559.0867,,75.3,Denmark
FIN,HEALTHEXP,TOT,USD_CAP,A,1991,1439.3798,,75.5,Finland
FRA,HEALTHEXP,TOT,USD_CAP,A,1991,1496.4002,,77,France
GRC,HEALTHEXP,TOT,USD_CAP,A,1991,826.0974,,77.3,Greece
ISL,HEALTHEXP,TOT,USD_CAP,A,1991,1680.0298,,78.1,Iceland
IRL,HEALTHEXP,TOT,USD_CAP,A,1991,849.226,,75.1,Ireland
ITA,HEALTHEXP,TOT,USD_CAP,A,1991,1388.9875,,77.1,Italy
JPN,HEALTHEXP,TOT,USD_CAP,A,1991,1195.9912,D,79.1,Japan
NLD,HEALTHEXP,TOT,USD_CAP,A,1991,1433.0591,,77.2,Netherlands
NOR,HEALTHEXP,TOT,USD_CAP,A,1991,1422.3816,,77.1,Norway
PRT,HEALTHEXP,TOT,USD_CAP,A,1991,730.1072,,74.1,Portugal
ESP,HEALTHEXP,TOT,USD_CAP,A,1991,910.1406,,77.2,Spain
SWE,HEALTHEXP,TOT,USD_CAP,A,1991,1475.3174,,77.9,Sweden
CHE,HEALTHEXP,TOT,USD_CAP,A,1991,2152.7988,,77.8,Switzerland
TUR,HEALTHEXP,TOT,USD_CAP,A,1991,167.3948,D,67.8,Turkey
GBR,HEALTHEXP,TOT,USD_CAP,A,1991,973.4494,,75.9,UK
USA,HEALTHEXP,TOT,USD_CAP,A,1991,2915.9548,,75.5,US
AUS,HEALTHEXP,TOT,USD_CAP,A,1992,1307.222,,77.5,Australia 
AUT,HEALTHEXP,TOT,USD_CAP,A,1992,1724.7343,,75.9,Austria
BEL,HEALTHEXP,TOT,USD_CAP,A,1992,1569.6355,D,76.5,Belgium 
CAN,HEALTHEXP,TOT,USD_CAP,A,1992,1916.4154,,78,Canada
DNK,HEALTHEXP,TOT,USD_CAP,A,1992,1623.3337,,75.3,Denmark
FIN,HEALTHEXP,TOT,USD_CAP,A,1992,1449.2851,,75.7,Finland
FRA,HEALTHEXP,TOT,USD_CAP,A,1992,1589.4552,,77.3,France
DEU,HEALTHEXP,TOT,USD_CAP,A,1992,1907.9949,B,76,Germany
GRC,HEALTHEXP,TOT,USD_CAP,A,1992,923.8069,,77.2,Greece
ISL,HEALTHEXP,TOT,USD_CAP,A,1992,1683.0547,,78.8,Iceland
IRL,HEALTHEXP,TOT,USD_CAP,A,1992,929.9279,,75.5,Ireland
ITA,HEALTHEXP,TOT,USD_CAP,A,1992,1405.525,,77.5,Italy
JPN,HEALTHEXP,TOT,USD_CAP,A,1992,1283.3253,D,79.2,Japan
NLD,HEALTHEXP,TOT,USD_CAP,A,1992,1522.2756,,77.4,Netherlands
NOR,HEALTHEXP,TOT,USD_CAP,A,1992,1528.9346,,77.4,Norway
PRT,HEALTHEXP,TOT,USD_CAP,A,1992,773.8947,,74.7,Portugal
ESP,HEALTHEXP,TOT,USD_CAP,A,1992,992.3218,,77.6,Spain
SWE,HEALTHEXP,TOT,USD_CAP,A,1992,1541.0065,,78.2,Sweden
CHE,HEALTHEXP,TOT,USD_CAP,A,1992,2277.882,,78,Switzerland
TUR,HEALTHEXP,TOT,USD_CAP,A,1992,175.4861,D,68.2,Turkey
GBR,HEALTHEXP,TOT,USD_CAP,A,1992,1078.9976,,76.3,UK
USA,HEALTHEXP,TOT,USD_CAP,A,1992,3113.8468,,75.7,US
AUS,HEALTHEXP,TOT,USD_CAP,A,1993,1381.1135,,78,Australia 
AUT,HEALTHEXP,TOT,USD_CAP,A,1993,1874.6122,,76.2,Austria
BEL,HEALTHEXP,TOT,USD_CAP,A,1993,1611.0269,D,76.5,Belgium 
DNK,HEALTHEXP,TOT,USD_CAP,A,1993,1724.5152,,75.2,Denmark
FIN,HEALTHEXP,TOT,USD_CAP,A,1993,1347.9213,B,75.8,Finland
FRA,HEALTHEXP,TOT,USD_CAP,A,1993,1688.2812,,77.4,France
DEU,HEALTHEXP,TOT,USD_CAP,A,1993,1915.2877,,76.1,Germany
GRC,HEALTHEXP,TOT,USD_CAP,A,1993,1038.1708,,77.6,Greece
ISL,HEALTHEXP,TOT,USD_CAP,A,1993,1747.6494,,79,Iceland
IRL,HEALTHEXP,TOT,USD_CAP,A,1993,980.4917,,75.3,Ireland
ITA,HEALTHEXP,TOT,USD_CAP,A,1993,1419.7029,,77.8,Italy
JPN,HEALTHEXP,TOT,USD_CAP,A,1993,1371.3138,D,79.4,Japan
NLD,HEALTHEXP,TOT,USD_CAP,A,1993,1588.271,,77.1,Netherlands
NOR,HEALTHEXP,TOT,USD_CAP,A,1993,1574.586,B,77.3,Norway
PRT,HEALTHEXP,TOT,USD_CAP,A,1993,808.5116,,74.6,Portugal
ESP,HEALTHEXP,TOT,USD_CAP,A,1993,1048.008,,77.8,Spain
SWE,HEALTHEXP,TOT,USD_CAP,A,1993,1585.7975,B,78.2,Sweden
CHE,HEALTHEXP,TOT,USD_CAP,A,1993,2329.2126,,78.4,Switzerland
TUR,HEALTHEXP,TOT,USD_CAP,A,1993,186.8433,D,68.5,Turkey
GBR,HEALTHEXP,TOT,USD_CAP,A,1993,1144.029,,76.2,UK
USA,HEALTHEXP,TOT,USD_CAP,A,1993,3299.9756,,75.5,US
AUS,HEALTHEXP,TOT,USD_CAP,A,1994,1470.8096,,78,Australia 
AUT,HEALTHEXP,TOT,USD_CAP,A,1994,2041.3374,,76.5,Austria
BEL,HEALTHEXP,TOT,USD_CAP,A,1994,1648.9681,D,76.8,Belgium 
CAN,HEALTHEXP,TOT,USD_CAP,A,1994,1997.0656,,78,Canada
DNK,HEALTHEXP,TOT,USD_CAP,A,1994,1802.2229,,75.5,Denmark
FIN,HEALTHEXP,TOT,USD_CAP,A,1994,1325.3603,,76.6,Finland
FRA,HEALTHEXP,TOT,USD_CAP,A,1994,1755.1099,,77.7,France
DEU,HEALTHEXP,TOT,USD_CAP,A,1994,2049.6612,,76.4,Germany
GRC,HEALTHEXP,TOT,USD_CAP,A,1994,1180.6036,,77.8,Greece
ISL,HEALTHEXP,TOT,USD_CAP,A,1994,1792.7196,,79.3,Iceland
IRL,HEALTHEXP,TOT,USD_CAP,A,1994,1037.9826,,75.9,Ireland
ITA,HEALTHEXP,TOT,USD_CAP,A,1994,1448.6155,,78,Italy
JPN,HEALTHEXP,TOT,USD_CAP,A,1994,1469.0998,D,79.8,Japan
NLD,HEALTHEXP,TOT,USD_CAP,A,1994,1634.1205,,77.5,Netherlands
NOR,HEALTHEXP,TOT,USD_CAP,A,1994,1659.9261,,77.9,Norway
PRT,HEALTHEXP,TOT,USD_CAP,A,1994,828.1529,,75.5,Portugal
ESP,HEALTHEXP,TOT,USD_CAP,A,1994,1081.2951,,78.1,Spain
SWE,HEALTHEXP,TOT,USD_CAP,A,1994,1588.781,,78.9,Sweden
CHE,HEALTHEXP,TOT,USD_CAP,A,1994,2411.0169,,78.6,Switzerland
TUR,HEALTHEXP,TOT,USD_CAP,A,1994,172.3677,D,68.9,Turkey
GBR,HEALTHEXP,TOT,USD_CAP,A,1994,1227.6224,,76.8,UK
USA,HEALTHEXP,TOT,USD_CAP,A,1994,3441.9579,,75.7,US
AUS,HEALTHEXP,TOT,USD_CAP,A,1995,1554.7982,,77.9,Australia 
AUT,HEALTHEXP,TOT,USD_CAP,A,1995,2120.4786,,76.8,Austria
BEL,HEALTHEXP,TOT,USD_CAP,A,1995,1710.4518,B,77,Belgium 
CAN,HEALTHEXP,TOT,USD_CAP,A,1995,2001.2318,,78,Canada
DNK,HEALTHEXP,TOT,USD_CAP,A,1995,1814.5633,,75.3,Denmark
FIN,HEALTHEXP,TOT,USD_CAP,A,1995,1418.182,,76.6,Finland
FRA,HEALTHEXP,TOT,USD_CAP,A,1995,2037.6149,B,77.9,France
DEU,HEALTHEXP,TOT,USD_CAP,A,1995,2185.1405,,76.6,Germany
GRC,HEALTHEXP,TOT,USD_CAP,A,1995,1224.2709,,77.8,Greece
ISL,HEALTHEXP,TOT,USD_CAP,A,1995,1851.5667,,78.1,Iceland
IRL,HEALTHEXP,TOT,USD_CAP,A,1995,1124.7885,,75.6,Ireland
ITA,HEALTHEXP,TOT,USD_CAP,A,1995,1507.7006,B,78.3,Italy
JPN,HEALTHEXP,TOT,USD_CAP,A,1995,1469.5138,,79.6,Japan
LUX,HEALTHEXP,TOT,USD_CAP,A,1995,2282.8814,D,76.8,Luxembourg
NLD,HEALTHEXP,TOT,USD_CAP,A,1995,1691.0385,,77.6,Netherlands
NOR,HEALTHEXP,TOT,USD_CAP,A,1995,1750.8758,,77.9,Norway
PRT,HEALTHEXP,TOT,USD_CAP,A,1995,984.1816,B,75.4,Portugal
ESP,HEALTHEXP,TOT,USD_CAP,A,1995,1157.1153,,78.1,Spain
SWE,HEALTHEXP,TOT,USD_CAP,A,1995,1659.0003,,79,Sweden
CHE,HEALTHEXP,TOT,USD_CAP,A,1995,2561.8827,B,78.7,Switzerland
TUR,HEALTHEXP,TOT,USD_CAP,A,1995,172.7806,D,69.3,Turkey
GBR,HEALTHEXP,TOT,USD_CAP,A,1995,1273.7345,,76.7,UK
USA,HEALTHEXP,TOT,USD_CAP,A,1995,3598.3956,,75.7,US
AUS,HEALTHEXP,TOT,USD_CAP,A,1996,1645.0156,,78.2,Australia 
AUT,HEALTHEXP,TOT,USD_CAP,A,1996,2188.0253,,77,Austria
BEL,HEALTHEXP,TOT,USD_CAP,A,1996,1804.5439,,77.3,Belgium 
CAN,HEALTHEXP,TOT,USD_CAP,A,1996,2001.8672,,78.2,Canada
DNK,HEALTHEXP,TOT,USD_CAP,A,1996,1916.8516,,75.7,Denmark
FIN,HEALTHEXP,TOT,USD_CAP,A,1996,1481.5893,,76.9,Finland
FRA,HEALTHEXP,TOT,USD_CAP,A,1996,2097.941,,78.1,France
DEU,HEALTHEXP,TOT,USD_CAP,A,1996,2312.0275,,76.9,Germany
GRC,HEALTHEXP,TOT,USD_CAP,A,1996,1263.2468,,78,Greece
ISL,HEALTHEXP,TOT,USD_CAP,A,1996,1935.7508,,78.9,Iceland
IRL,HEALTHEXP,TOT,USD_CAP,A,1996,1183.9985,,75.9,Ireland
ITA,HEALTHEXP,TOT,USD_CAP,A,1996,1576.9319,,78.6,Italy
JPN,HEALTHEXP,TOT,USD_CAP,A,1996,1501.2085,,80.3,Japan
LUX,HEALTHEXP,TOT,USD_CAP,A,1996,2394.4814,D,76.8,Luxembourg
NLD,HEALTHEXP,TOT,USD_CAP,A,1996,1758.7704,,77.6,Netherlands
NOR,HEALTHEXP,TOT,USD_CAP,A,1996,1910.4081,,78.3,Norway
PRT,HEALTHEXP,TOT,USD_CAP,A,1996,1056.8077,,75.3,Portugal
ESP,HEALTHEXP,TOT,USD_CAP,A,1996,1215.5878,,78.3,Spain
SWE,HEALTHEXP,TOT,USD_CAP,A,1996,1768.8161,,79.2,Sweden
CHE,HEALTHEXP,TOT,USD_CAP,A,1996,2729.1252,,79.1,Switzerland
TUR,HEALTHEXP,TOT,USD_CAP,A,1996,214.7436,D,69.7,Turkey
GBR,HEALTHEXP,TOT,USD_CAP,A,1996,1351.1875,,76.9,UK
USA,HEALTHEXP,TOT,USD_CAP,A,1996,3747.6148,,76.1,US
AUS,HEALTHEXP,TOT,USD_CAP,A,1997,1730.7444,,78.5,Australia 
AUT,HEALTHEXP,TOT,USD_CAP,A,1997,2298.8535,,77.4,Austria
BEL,HEALTHEXP,TOT,USD_CAP,A,1997,1849.8923,,77.5,Belgium 
CAN,HEALTHEXP,TOT,USD_CAP,A,1997,2097.9041,,78.3,Canada
DNK,HEALTHEXP,TOT,USD_CAP,A,1997,1990.2833,,76.1,Denmark
FIN,HEALTHEXP,TOT,USD_CAP,A,1997,1538.6158,,77.1,Finland
FRA,HEALTHEXP,TOT,USD_CAP,A,1997,2162.0783,,78.4,France
DEU,HEALTHEXP,TOT,USD_CAP,A,1997,2335.1543,,77.3,Germany
GRC,HEALTHEXP,TOT,USD_CAP,A,1997,1312.5507,,78.4,Greece
ISL,HEALTHEXP,TOT,USD_CAP,A,1997,2061.6143,,79,Iceland
IRL,HEALTHEXP,TOT,USD_CAP,A,1997,1291.4988,,76.1,Ireland
ITA,HEALTHEXP,TOT,USD_CAP,A,1997,1692.9319,,78.9,Italy
JPN,HEALTHEXP,TOT,USD_CAP,A,1997,1607.6141,,80.5,Japan
LUX,HEALTHEXP,TOT,USD_CAP,A,1997,2402.6437,D,77,Luxembourg
NLD,HEALTHEXP,TOT,USD_CAP,A,1997,1822.439,,78,Netherlands
NOR,HEALTHEXP,TOT,USD_CAP,A,1997,2204.6489,B,78.3,Norway
PRT,HEALTHEXP,TOT,USD_CAP,A,1997,1115.4084,,75.8,Portugal
ESP,HEALTHEXP,TOT,USD_CAP,A,1997,1263.021,,78.8,Spain
SWE,HEALTHEXP,TOT,USD_CAP,A,1997,1793.1756,,79.4,Sweden
CHE,HEALTHEXP,TOT,USD_CAP,A,1997,2840.3597,,79.3,Switzerland
TUR,HEALTHEXP,TOT,USD_CAP,A,1997,249.5353,D,70.1,Turkey
GBR,HEALTHEXP,TOT,USD_CAP,A,1997,1398.7175,B,77.2,UK
USA,HEALTHEXP,TOT,USD_CAP,A,1997,3906.5102,,76.5,US
AUS,HEALTHEXP,TOT,USD_CAP,A,1998,1858.2922,D,78.7,Australia 
AUT,HEALTHEXP,TOT,USD_CAP,A,1998,2452.2438,,77.8,Austria
BEL,HEALTHEXP,TOT,USD_CAP,A,1998,1920.7638,,77.6,Belgium 
CAN,HEALTHEXP,TOT,USD_CAP,A,1998,2245.9346,,78.5,Canada
DNK,HEALTHEXP,TOT,USD_CAP,A,1998,2009.4111,,76.5,Denmark
FIN,HEALTHEXP,TOT,USD_CAP,A,1998,1587.6046,,77.3,Finland
FRA,HEALTHEXP,TOT,USD_CAP,A,1998,2246.3048,,78.7,France
DEU,HEALTHEXP,TOT,USD_CAP,A,1998,2405.8643,,77.7,Germany
GRC,HEALTHEXP,TOT,USD_CAP,A,1998,1336.0581,,78.4,Greece
ISL,HEALTHEXP,TOT,USD_CAP,A,1998,2410.4274,,79.7,Iceland
IRL,HEALTHEXP,TOT,USD_CAP,A,1998,1381.3734,,76.3,Ireland
ITA,HEALTHEXP,TOT,USD_CAP,A,1998,1792.3389,,79.1,Italy
JPN,HEALTHEXP,TOT,USD_CAP,A,1998,1656.82,,80.6,Japan
LUX,HEALTHEXP,TOT,USD_CAP,A,1998,2574.1903,D,77.3,Luxembourg
NLD,HEALTHEXP,TOT,USD_CAP,A,1998,1961.6286,B,78,Netherlands
NOR,HEALTHEXP,TOT,USD_CAP,A,1998,2354.4211,,78.5,Norway
PRT,HEALTHEXP,TOT,USD_CAP,A,1998,1166.5307,,76,Portugal
ESP,HEALTHEXP,TOT,USD_CAP,A,1998,1340.5293,,78.9,Spain
SWE,HEALTHEXP,TOT,USD_CAP,A,1998,1891.2871,,79.5,Sweden
CHE,HEALTHEXP,TOT,USD_CAP,A,1998,2977.7701,,79.6,Switzerland
TUR,HEALTHEXP,TOT,USD_CAP,A,1998,294.7179,D,70.3,Turkey
GBR,HEALTHEXP,TOT,USD_CAP,A,1998,1470.5883,,77.3,UK
USA,HEALTHEXP,TOT,USD_CAP,A,1998,4084.8368,,76.7,US
AUS,HEALTHEXP,TOT,USD_CAP,A,1999,1986.4928,D,79,Australia 
AUT,HEALTHEXP,TOT,USD_CAP,A,1999,2587.061,,78,Austria
BEL,HEALTHEXP,TOT,USD_CAP,A,1999,2047.9187,,77.7,Belgium 
CAN,HEALTHEXP,TOT,USD_CAP,A,1999,2318.9571,,78.8,Canada
DNK,HEALTHEXP,TOT,USD_CAP,A,1999,2297.6172,,76.6,Denmark
FIN,HEALTHEXP,TOT,USD_CAP,A,1999,1665.5525,,77.5,Finland
FRA,HEALTHEXP,TOT,USD_CAP,A,1999,2336.1787,,78.9,France
DEU,HEALTHEXP,TOT,USD_CAP,A,1999,2512.7486,,77.9,Germany
GRC,HEALTHEXP,TOT,USD_CAP,A,1999,1417.803,,78.5,Greece
ISL,HEALTHEXP,TOT,USD_CAP,A,1999,2601.1358,,79.4,Iceland
IRL,HEALTHEXP,TOT,USD_CAP,A,1999,1483.2093,,76.2,Ireland
ITA,HEALTHEXP,TOT,USD_CAP,A,1999,1845.6069,,79.5,Italy
JPN,HEALTHEXP,TOT,USD_CAP,A,1999,1765.9755,,80.5,Japan
LUX,HEALTHEXP,TOT,USD_CAP,A,1999,2983.2628,,77.9,Luxembourg
NLD,HEALTHEXP,TOT,USD_CAP,A,1999,2076.1574,,77.9,Netherlands
NOR,HEALTHEXP,TOT,USD_CAP,A,1999,2565.0829,,78.4,Norway
PRT,HEALTHEXP,TOT,USD_CAP,A,1999,1280.6509,,76.3,Portugal
ESP,HEALTHEXP,TOT,USD_CAP,A,1999,1406.4495,B,78.9,Spain
SWE,HEALTHEXP,TOT,USD_CAP,A,1999,2015.6244,,79.6,Sweden
CHE,HEALTHEXP,TOT,USD_CAP,A,1999,3073.2264,,79.8,Switzerland
TUR,HEALTHEXP,TOT,USD_CAP,A,1999,357.0304,B,70.7,Turkey
GBR,HEALTHEXP,TOT,USD_CAP,A,1999,1573.5414,,77.5,UK
USA,HEALTHEXP,TOT,USD_CAP,A,1999,4291.5721,,76.7,US
AUS,HEALTHEXP,TOT,USD_CAP,A,2000,2156.808,D,79.3,Australia 
AUT,HEALTHEXP,TOT,USD_CAP,A,2000,2726.4305,,78.2,Austria
BEL,HEALTHEXP,TOT,USD_CAP,A,2000,2245.8634,,77.8,Belgium 
CAN,HEALTHEXP,TOT,USD_CAP,A,2000,2422.0817,,79,Canada
DNK,HEALTHEXP,TOT,USD_CAP,A,2000,2395.5167,,76.9,Denmark
FIN,HEALTHEXP,TOT,USD_CAP,A,2000,1816.4327,B,77.7,Finland
FRA,HEALTHEXP,TOT,USD_CAP,A,2000,2484.1715,,79.2,France
DEU,HEALTHEXP,TOT,USD_CAP,A,2000,2612.5703,,78.2,Germany
GRC,HEALTHEXP,TOT,USD_CAP,A,2000,1396.9074,,78.6,Greece
ISL,HEALTHEXP,TOT,USD_CAP,A,2000,2672.9878,,79.7,Iceland
IRL,HEALTHEXP,TOT,USD_CAP,A,2000,1749.0146,,76.6,Ireland
ITA,HEALTHEXP,TOT,USD_CAP,A,2000,2019.4276,,79.9,Italy
JPN,HEALTHEXP,TOT,USD_CAP,A,2000,1914.8514,,81.2,Japan
LUX,HEALTHEXP,TOT,USD_CAP,A,2000,3466.2675,B,78,Luxembourg
NLD,HEALTHEXP,TOT,USD_CAP,A,2000,2224.7504,,78.2,Netherlands
NOR,HEALTHEXP,TOT,USD_CAP,A,2000,2836.1297,,78.8,Norway
PRT,HEALTHEXP,TOT,USD_CAP,A,2000,1494.6821,B,76.9,Portugal
ESP,HEALTHEXP,TOT,USD_CAP,A,2000,1490.642,,79.4,Spain
SWE,HEALTHEXP,TOT,USD_CAP,A,2000,2177.5321,,79.7,Sweden
CHE,HEALTHEXP,TOT,USD_CAP,A,2000,3221.7795,,79.9,Switzerland
TUR,HEALTHEXP,TOT,USD_CAP,A,2000,423.9505,,71.1,Turkey
GBR,HEALTHEXP,TOT,USD_CAP,A,2000,1718.608,,77.9,UK
USA,HEALTHEXP,TOT,USD_CAP,A,2000,4558.9524,,76.7,US
AUS,HEALTHEXP,TOT,USD_CAP,A,2001,2271.4553,D,79.7,Australia 
AUT,HEALTHEXP,TOT,USD_CAP,A,2001,2772.9361,,78.7,Austria
BEL,HEALTHEXP,TOT,USD_CAP,A,2001,2366.5965,,78.1,Belgium 
CAN,HEALTHEXP,TOT,USD_CAP,A,2001,2609.2285,,79.3,Canada
DNK,HEALTHEXP,TOT,USD_CAP,A,2001,2555.382,,77,Denmark
FIN,HEALTHEXP,TOT,USD_CAP,A,2001,1930.9554,,78.2,Finland
FRA,HEALTHEXP,TOT,USD_CAP,A,2001,2657.6867,,79.3,France
DEU,HEALTHEXP,TOT,USD_CAP,A,2001,2730.1828,,78.5,Germany
GRC,HEALTHEXP,TOT,USD_CAP,A,2001,1669.485,,79.1,Greece
ISL,HEALTHEXP,TOT,USD_CAP,A,2001,2783.3467,,80.8,Iceland
IRL,HEALTHEXP,TOT,USD_CAP,A,2001,2034.3981,,77.2,Ireland
ITA,HEALTHEXP,TOT,USD_CAP,A,2001,2194.4551,,80.2,Italy
JPN,HEALTHEXP,TOT,USD_CAP,A,2001,2019.8249,,81.5,Japan
LUX,HEALTHEXP,TOT,USD_CAP,A,2001,3792.6746,,77.9,Luxembourg
NLD,HEALTHEXP,TOT,USD_CAP,A,2001,2441.0229,,78.3,Netherlands
NOR,HEALTHEXP,TOT,USD_CAP,A,2001,3030.9077,B,78.9,Norway
PRT,HEALTHEXP,TOT,USD_CAP,A,2001,1562.2151,,77.2,Portugal
ESP,HEALTHEXP,TOT,USD_CAP,A,2001,1574.9689,,79.8,Spain
SWE,HEALTHEXP,TOT,USD_CAP,A,2001,2395.6745,B,79.9,Sweden
CHE,HEALTHEXP,TOT,USD_CAP,A,2001,3429.1233,,80.4,Switzerland
TUR,HEALTHEXP,TOT,USD_CAP,A,2001,433.5375,,71.5,Turkey
GBR,HEALTHEXP,TOT,USD_CAP,A,2001,1901.332,,78.2,UK
USA,HEALTHEXP,TOT,USD_CAP,A,2001,4910.6156,,76.8,US
AUS,HEALTHEXP,TOT,USD_CAP,A,2002,2426.4793,D,80,Australia 
AUT,HEALTHEXP,TOT,USD_CAP,A,2002,2942.5631,,78.8,Austria
BEL,HEALTHEXP,TOT,USD_CAP,A,2002,2542.4562,,78.2,Belgium 
CAN,HEALTHEXP,TOT,USD_CAP,A,2002,2742.4513,,79.5,Canada
DNK,HEALTHEXP,TOT,USD_CAP,A,2002,2749.7927,,77.1,Denmark
FIN,HEALTHEXP,TOT,USD_CAP,A,2002,2100.2576,,78.3,Finland
FRA,HEALTHEXP,TOT,USD_CAP,A,2002,2852.5993,,79.4,France
DEU,HEALTHEXP,TOT,USD_CAP,A,2002,2869.9629,,78.5,Germany
GRC,HEALTHEXP,TOT,USD_CAP,A,2002,1870.597,,79.2,Greece
ISL,HEALTHEXP,TOT,USD_CAP,A,2002,3078.4478,,80.6,Iceland
IRL,HEALTHEXP,TOT,USD_CAP,A,2002,2298.9631,,77.7,Ireland
ITA,HEALTHEXP,TOT,USD_CAP,A,2002,2202.0358,,80.3,Italy
JPN,HEALTHEXP,TOT,USD_CAP,A,2002,2104.6727,,81.8,Japan
LUX,HEALTHEXP,TOT,USD_CAP,A,2002,4223.3167,,78.1,Luxembourg
NLD,HEALTHEXP,TOT,USD_CAP,A,2002,2700.5099,,78.4,Netherlands
NOR,HEALTHEXP,TOT,USD_CAP,A,2002,3398.0379,,79,Norway
PRT,HEALTHEXP,TOT,USD_CAP,A,2002,1654.4182,,77.4,Portugal
ESP,HEALTHEXP,TOT,USD_CAP,A,2002,1677.5396,,79.9,Spain
SWE,HEALTHEXP,TOT,USD_CAP,A,2002,2574.7376,,79.9,Sweden
CHE,HEALTHEXP,TOT,USD_CAP,A,2002,3672.9233,,80.6,Switzerland
TUR,HEALTHEXP,TOT,USD_CAP,A,2002,453.351,,71.9,Turkey
GBR,HEALTHEXP,TOT,USD_CAP,A,2002,2060.468,,78.3,UK
USA,HEALTHEXP,TOT,USD_CAP,A,2002,5327.8052,,76.9,US
AUS,HEALTHEXP,TOT,USD_CAP,A,2003,2546.2803,D,80.3,Australia 
AUT,HEALTHEXP,TOT,USD_CAP,A,2003,3085.9336,,78.7,Austria
BEL,HEALTHEXP,TOT,USD_CAP,A,2003,2822.6807,B,78.2,Belgium 
CAN,HEALTHEXP,TOT,USD_CAP,A,2003,2913.6997,,79.7,Canada
DNK,HEALTHEXP,TOT,USD_CAP,A,2003,2784.0652,B,77.4,Denmark
FIN,HEALTHEXP,TOT,USD_CAP,A,2003,2219.4643,,78.5,Finland
FRA,HEALTHEXP,TOT,USD_CAP,A,2003,2828.4727,B,79.2,France
DEU,HEALTHEXP,TOT,USD_CAP,A,2003,3033.0953,,78.6,Germany
GRC,HEALTHEXP,TOT,USD_CAP,A,2003,1951.7097,,79.3,Greece
ISL,HEALTHEXP,TOT,USD_CAP,A,2003,3198.3977,,81,Iceland
IRL,HEALTHEXP,TOT,USD_CAP,A,2003,2520.871,,78.2,Ireland
ITA,HEALTHEXP,TOT,USD_CAP,A,2003,2235.811,,80.1,Italy
JPN,HEALTHEXP,TOT,USD_CAP,A,2003,2198.8429,,81.8,Japan
LUX,HEALTHEXP,TOT,USD_CAP,A,2003,4478.8393,,77.8,Luxembourg
NLD,HEALTHEXP,TOT,USD_CAP,A,2003,2853.4358,,78.7,Netherlands
NOR,HEALTHEXP,TOT,USD_CAP,A,2003,3595.0564,,79.6,Norway
PRT,HEALTHEXP,TOT,USD_CAP,A,2003,1764.6203,,77.5,Portugal
ESP,HEALTHEXP,TOT,USD_CAP,A,2003,1907.9302,B,79.7,Spain
SWE,HEALTHEXP,TOT,USD_CAP,A,2003,2713.9253,,80.3,Sweden
CHE,HEALTHEXP,TOT,USD_CAP,A,2003,3785.126,,80.6,Switzerland
TUR,HEALTHEXP,TOT,USD_CAP,A,2003,459.0445,,72.3,Turkey
GBR,HEALTHEXP,TOT,USD_CAP,A,2003,2211.542,,78.4,UK
USA,HEALTHEXP,TOT,USD_CAP,A,2003,5737.4608,,77.1,US
AUS,HEALTHEXP,TOT,USD_CAP,A,2004,2745.6316,D,80.6,Australia 
AUT,HEALTHEXP,TOT,USD_CAP,A,2004,3260.8522,,79.3,Austria
BEL,HEALTHEXP,TOT,USD_CAP,A,2004,2913.2791,,79,Belgium 
CAN,HEALTHEXP,TOT,USD_CAP,A,2004,3076.0005,,79.9,Canada
DNK,HEALTHEXP,TOT,USD_CAP,A,2004,2986.9486,,77.8,Denmark
FIN,HEALTHEXP,TOT,USD_CAP,A,2004,2432.1462,,79,Finland
FRA,HEALTHEXP,TOT,USD_CAP,A,2004,2946.9832,,80.3,France
DEU,HEALTHEXP,TOT,USD_CAP,A,2004,3099.7712,,79.2,Germany
GRC,HEALTHEXP,TOT,USD_CAP,A,2004,2016.8191,,79.4,Greece
ISL,HEALTHEXP,TOT,USD_CAP,A,2004,3339.1786,D,81.1,Iceland
IRL,HEALTHEXP,TOT,USD_CAP,A,2004,2755.4185,,78.6,Ireland
ITA,HEALTHEXP,TOT,USD_CAP,A,2004,2355.7084,,80.9,Italy
JPN,HEALTHEXP,TOT,USD_CAP,A,2004,2327.8175,,82.1,Japan
LUX,HEALTHEXP,TOT,USD_CAP,A,2004,5059.9115,,79.2,Luxembourg
NLD,HEALTHEXP,TOT,USD_CAP,A,2004,3016.6645,,79.2,Netherlands
NOR,HEALTHEXP,TOT,USD_CAP,A,2004,3811.3917,,80.1,Norway
PRT,HEALTHEXP,TOT,USD_CAP,A,2004,1886.7594,,78.4,Portugal
ESP,HEALTHEXP,TOT,USD_CAP,A,2004,2014.3386,,80.4,Spain
SWE,HEALTHEXP,TOT,USD_CAP,A,2004,2830.3305,,80.6,Sweden
CHE,HEALTHEXP,TOT,USD_CAP,A,2004,3935.8776,,81.2,Switzerland
TUR,HEALTHEXP,TOT,USD_CAP,A,2004,521.3,,72.7,Turkey
GBR,HEALTHEXP,TOT,USD_CAP,A,2004,2412.166,,79,UK
USA,HEALTHEXP,TOT,USD_CAP,A,2004,6096.5355,,77.4,US
AUS,HEALTHEXP,TOT,USD_CAP,A,2005,2842.1321,D,80.9,Australia 
AUT,HEALTHEXP,TOT,USD_CAP,A,2005,3324.0795,,79.4,Austria
BEL,HEALTHEXP,TOT,USD_CAP,A,2005,2985.8089,,79.1,Belgium 
CAN,HEALTHEXP,TOT,USD_CAP,A,2005,3282.4541,,80.1,Canada
DNK,HEALTHEXP,TOT,USD_CAP,A,2005,3096.9831,,78.3,Denmark
FIN,HEALTHEXP,TOT,USD_CAP,A,2005,2571.3738,,79.1,Finland
FRA,HEALTHEXP,TOT,USD_CAP,A,2005,3100.9237,,80.3,France
DEU,HEALTHEXP,TOT,USD_CAP,A,2005,3297.0591,,79.4,Germany
GRC,HEALTHEXP,TOT,USD_CAP,A,2005,2284.7933,,79.7,Greece
ISL,HEALTHEXP,TOT,USD_CAP,A,2005,3294.4734,D,81.6,Iceland
IRL,HEALTHEXP,TOT,USD_CAP,A,2005,3097.1122,,79,Ireland
ITA,HEALTHEXP,TOT,USD_CAP,A,2005,2479.3278,,80.9,Italy
JPN,HEALTHEXP,TOT,USD_CAP,A,2005,2463.7249,,82,Japan
LUX,HEALTHEXP,TOT,USD_CAP,A,2005,5090.3667,,79.5,Luxembourg
NLD,HEALTHEXP,TOT,USD_CAP,A,2005,3510.9048,B,79.5,Netherlands
NOR,HEALTHEXP,TOT,USD_CAP,A,2005,4029.4379,,80.3,Norway
PRT,HEALTHEXP,TOT,USD_CAP,A,2005,2082.2039,,78.2,Portugal
ESP,HEALTHEXP,TOT,USD_CAP,A,2005,2139.3333,,80.3,Spain
SWE,HEALTHEXP,TOT,USD_CAP,A,2005,2841.8221,,80.7,Sweden
CHE,HEALTHEXP,TOT,USD_CAP,A,2005,4015.3331,,81.4,Switzerland
TUR,HEALTHEXP,TOT,USD_CAP,A,2005,585.6594,,73.1,Turkey
GBR,HEALTHEXP,TOT,USD_CAP,A,2005,2568.468,,79.2,UK
USA,HEALTHEXP,TOT,USD_CAP,A,2005,6445.7053,,77.4,US
AUS,HEALTHEXP,TOT,USD_CAP,A,2006,3023.0978,D,81.1,Australia 
AUT,HEALTHEXP,TOT,USD_CAP,A,2006,3567.6495,,80,Austria
BEL,HEALTHEXP,TOT,USD_CAP,A,2006,3136.9155,,79.5,Belgium 
CAN,HEALTHEXP,TOT,USD_CAP,A,2006,3505.0061,,80.4,Canada
DNK,HEALTHEXP,TOT,USD_CAP,A,2006,3406.8102,,78.4,Denmark
FIN,HEALTHEXP,TOT,USD_CAP,A,2006,2768.6527,,79.5,Finland
FRA,HEALTHEXP,TOT,USD_CAP,A,2006,3253.9671,B,80.9,France
DEU,HEALTHEXP,TOT,USD_CAP,A,2006,3502.6909,,79.8,Germany
GRC,HEALTHEXP,TOT,USD_CAP,A,2006,2534.7392,,79.9,Greece
ISL,HEALTHEXP,TOT,USD_CAP,A,2006,3276.3176,D,81.2,Iceland
IRL,HEALTHEXP,TOT,USD_CAP,A,2006,3304.4115,,79.3,Ireland
ITA,HEALTHEXP,TOT,USD_CAP,A,2006,2703.1626,,81.4,Italy
JPN,HEALTHEXP,TOT,USD_CAP,A,2006,2580.1459,,82.4,Japan
LUX,HEALTHEXP,TOT,USD_CAP,A,2006,5512.8935,,79.4,Luxembourg
NLD,HEALTHEXP,TOT,USD_CAP,A,2006,3797.2679,,79.9,Netherlands
NOR,HEALTHEXP,TOT,USD_CAP,A,2006,4329.4071,,80.6,Norway
PRT,HEALTHEXP,TOT,USD_CAP,A,2006,2181.0053,,79,Portugal
ESP,HEALTHEXP,TOT,USD_CAP,A,2006,2393.3068,,81.1,Spain
SWE,HEALTHEXP,TOT,USD_CAP,A,2006,3066.2039,,81,Sweden
CHE,HEALTHEXP,TOT,USD_CAP,A,2006,4251.3673,,81.7,Switzerland
TUR,HEALTHEXP,TOT,USD_CAP,A,2006,697.3519,,73.4,Turkey
GBR,HEALTHEXP,TOT,USD_CAP,A,2006,2784.489,,79.5,UK
USA,HEALTHEXP,TOT,USD_CAP,A,2006,6809.4762,,77.7,US
AUS,HEALTHEXP,TOT,USD_CAP,A,2007,3196.226,D,81.4,Australia 
AUT,HEALTHEXP,TOT,USD_CAP,A,2007,3718.739,,80.3,Austria
BEL,HEALTHEXP,TOT,USD_CAP,A,2007,3286.2254,,79.9,Belgium 
CAN,HEALTHEXP,TOT,USD_CAP,A,2007,3675.4766,,80.5,Canada
DNK,HEALTHEXP,TOT,USD_CAP,A,2007,3605.2153,,78.4,Denmark
FIN,HEALTHEXP,TOT,USD_CAP,A,2007,2941.9571,,79.6,Finland
FRA,HEALTHEXP,TOT,USD_CAP,A,2007,3407.1091,,81.2,France
DEU,HEALTHEXP,TOT,USD_CAP,A,2007,3660.9349,,80.1,Germany
GRC,HEALTHEXP,TOT,USD_CAP,A,2007,2655.2171,,79.7,Greece
ISL,HEALTHEXP,TOT,USD_CAP,A,2007,3375.6701,D,81.5,Iceland
IRL,HEALTHEXP,TOT,USD_CAP,A,2007,3649.2954,,79.7,Ireland
ITA,HEALTHEXP,TOT,USD_CAP,A,2007,2751.8517,,81.5,Italy
JPN,HEALTHEXP,TOT,USD_CAP,A,2007,2723.8322,,82.6,Japan
LUX,HEALTHEXP,TOT,USD_CAP,A,2007,5500.6005,,79.5,Luxembourg
NLD,HEALTHEXP,TOT,USD_CAP,A,2007,4066.1338,,80.3,Netherlands
NOR,HEALTHEXP,TOT,USD_CAP,A,2007,4578.0888,,80.6,Norway
PRT,HEALTHEXP,TOT,USD_CAP,A,2007,2286.5402,,79.2,Portugal
ESP,HEALTHEXP,TOT,USD_CAP,A,2007,2570.706,,81.2,Spain
SWE,HEALTHEXP,TOT,USD_CAP,A,2007,3274.849,,81.1,Sweden
CHE,HEALTHEXP,TOT,USD_CAP,A,2007,4567.3285,,82,Switzerland
TUR,HEALTHEXP,TOT,USD_CAP,A,2007,766.8245,,73.7,Turkey
GBR,HEALTHEXP,TOT,USD_CAP,A,2007,2862.43,,79.7,UK
USA,HEALTHEXP,TOT,USD_CAP,A,2007,7163.1718,,77.9,US
AUS,HEALTHEXP,TOT,USD_CAP,A,2008,3310.1708,D,81.5,Australia 
AUT,HEALTHEXP,TOT,USD_CAP,A,2008,3964.8495,,80.5,Austria
BEL,HEALTHEXP,TOT,USD_CAP,A,2008,3542.3542,,79.8,Belgium 
CAN,HEALTHEXP,TOT,USD_CAP,A,2008,3822.6386,,80.7,Canada
DNK,HEALTHEXP,TOT,USD_CAP,A,2008,3892.7375,,78.8,Denmark
FIN,HEALTHEXP,TOT,USD_CAP,A,2008,3218.1337,,79.9,Finland
FRA,HEALTHEXP,TOT,USD_CAP,A,2008,3562.5456,,81.3,France
DEU,HEALTHEXP,TOT,USD_CAP,A,2008,3901.418,,80.2,Germany
GRC,HEALTHEXP,TOT,USD_CAP,A,2008,3040.9909,,80.3,Greece
ISL,HEALTHEXP,TOT,USD_CAP,A,2008,3628.0346,D,81.7,Iceland
IRL,HEALTHEXP,TOT,USD_CAP,A,2008,4000.7079,,80.2,Ireland
ITA,HEALTHEXP,TOT,USD_CAP,A,2008,3011.2728,,81.6,Italy
JPN,HEALTHEXP,TOT,USD_CAP,A,2008,2852.8629,,82.7,Japan
LUX,HEALTHEXP,TOT,USD_CAP,A,2008,5938.8079,,80.6,Luxembourg
NLD,HEALTHEXP,TOT,USD_CAP,A,2008,4398.2743,,80.5,Netherlands
NOR,HEALTHEXP,TOT,USD_CAP,A,2008,4973.2861,,80.8,Norway
PRT,HEALTHEXP,TOT,USD_CAP,A,2008,2440.611,,79.5,Portugal
ESP,HEALTHEXP,TOT,USD_CAP,A,2008,2795.8694,,81.5,Spain
SWE,HEALTHEXP,TOT,USD_CAP,A,2008,3481.5901,,81.3,Sweden
CHE,HEALTHEXP,TOT,USD_CAP,A,2008,4933.1,,82.2,Switzerland
TUR,HEALTHEXP,TOT,USD_CAP,A,2008,827.3149,,73.9,Turkey
GBR,HEALTHEXP,TOT,USD_CAP,A,2008,2971.154,,79.8,UK
USA,HEALTHEXP,TOT,USD_CAP,A,2008,7414.0435,,78.1,US
AUS,HEALTHEXP,TOT,USD_CAP,A,2009,3564.4049,D,81.6,Australia 
AUT,HEALTHEXP,TOT,USD_CAP,A,2009,4119.7452,,80.4,Austria
BEL,HEALTHEXP,TOT,USD_CAP,A,2009,3804.7643,,80.1,Belgium 
CAN,HEALTHEXP,TOT,USD_CAP,A,2009,4108.7578,,80.9,Canada
DNK,HEALTHEXP,TOT,USD_CAP,A,2009,4247.8819,,79,Denmark
FIN,HEALTHEXP,TOT,USD_CAP,A,2009,3336.3316,,80.1,Finland
FRA,HEALTHEXP,TOT,USD_CAP,A,2009,3774.2044,,81.5,France
DEU,HEALTHEXP,TOT,USD_CAP,A,2009,4130.7969,,80.3,Germany
GRC,HEALTHEXP,TOT,USD_CAP,A,2009,2990.8342,B,80.4,Greece
ISL,HEALTHEXP,TOT,USD_CAP,A,2009,3624.4513,D,81.8,Iceland
IRL,HEALTHEXP,TOT,USD_CAP,A,2009,4407.799,,80.3,Ireland
ITA,HEALTHEXP,TOT,USD_CAP,A,2009,3064.7996,,81.7,Italy
JPN,HEALTHEXP,TOT,USD_CAP,A,2009,2998.5676,,83,Japan
LUX,HEALTHEXP,TOT,USD_CAP,A,2009,6355.5453,,80.7,Luxembourg
NLD,HEALTHEXP,TOT,USD_CAP,A,2009,4550.4651,,80.8,Netherlands
NOR,HEALTHEXP,TOT,USD_CAP,A,2009,5094.2532,,81,Norway
PRT,HEALTHEXP,TOT,USD_CAP,A,2009,2589.1595,,79.7,Portugal
ESP,HEALTHEXP,TOT,USD_CAP,A,2009,2944.6196,,81.9,Spain
SWE,HEALTHEXP,TOT,USD_CAP,A,2009,3547.1337,,81.5,Sweden
CHE,HEALTHEXP,TOT,USD_CAP,A,2009,5183.952,,82.3,Switzerland
TUR,HEALTHEXP,TOT,USD_CAP,A,2009,841.2871,,74.1,Turkey
GBR,HEALTHEXP,TOT,USD_CAP,A,2009,3150.239,,80.4,UK
USA,HEALTHEXP,TOT,USD_CAP,A,2009,7684.7611,,78.5,US
AUS,HEALTHEXP,TOT,USD_CAP,A,2010,3607.3407,D,81.8,Australia 
AUT,HEALTHEXP,TOT,USD_CAP,A,2010,4236.3164,,80.7,Austria
BEL,HEALTHEXP,TOT,USD_CAP,A,2010,3901.9126,,80.3,Belgium 
CAN,HEALTHEXP,TOT,USD_CAP,A,2010,4242.3395,,81.2,Canada
DNK,HEALTHEXP,TOT,USD_CAP,A,2010,4370.3331,,79.3,Denmark
FIN,HEALTHEXP,TOT,USD_CAP,A,2010,3403.1108,,80.2,Finland
FRA,HEALTHEXP,TOT,USD_CAP,A,2010,3859.5252,,81.8,France
DEU,HEALTHEXP,TOT,USD_CAP,A,2010,4358.6128,,80.5,Germany
GRC,HEALTHEXP,TOT,USD_CAP,A,2010,2855.3382,,80.7,Greece
ISL,HEALTHEXP,TOT,USD_CAP,A,2010,3405.9865,D,82,Iceland
IRL,HEALTHEXP,TOT,USD_CAP,A,2010,4585.4044,,80.8,Ireland
ITA,HEALTHEXP,TOT,USD_CAP,A,2010,3108.2039,,82.1,Italy
JPN,HEALTHEXP,TOT,USD_CAP,A,2010,3204.9489,,82.9,Japan
LUX,HEALTHEXP,TOT,USD_CAP,A,2010,6401.8972,,80.7,Luxembourg
NLD,HEALTHEXP,TOT,USD_CAP,A,2010,4671.0098,,81,Netherlands
NOR,HEALTHEXP,TOT,USD_CAP,A,2010,5240.4165,,81.2,Norway
PRT,HEALTHEXP,TOT,USD_CAP,A,2010,2645.6631,,80,Portugal
ESP,HEALTHEXP,TOT,USD_CAP,A,2010,2917.9495,,82.4,Spain
SWE,HEALTHEXP,TOT,USD_CAP,A,2010,3543.5822,,81.6,Sweden
CHE,HEALTHEXP,TOT,USD_CAP,A,2010,5371.4504,B,82.6,Switzerland
TUR,HEALTHEXP,TOT,USD_CAP,A,2010,852.6704,,74.3,Turkey
GBR,HEALTHEXP,TOT,USD_CAP,A,2010,3036.12,,80.6,UK
USA,HEALTHEXP,TOT,USD_CAP,A,2010,7929.372,,78.6,US
AUS,HEALTHEXP,TOT,USD_CAP,A,2011,3794.0874,D,82,Australia 
AUT,HEALTHEXP,TOT,USD_CAP,A,2011,4362.3426,,81.1,Austria
BEL,HEALTHEXP,TOT,USD_CAP,A,2011,4132.3109,,80.7,Belgium 
CAN,HEALTHEXP,TOT,USD_CAP,A,2011,4263.4169,,81.5,Canada
DNK,HEALTHEXP,TOT,USD_CAP,A,2011,4430.6885,,79.9,Denmark
FIN,HEALTHEXP,TOT,USD_CAP,A,2011,3605.807,,80.6,Finland
FRA,HEALTHEXP,TOT,USD_CAP,A,2011,4010.3139,,82.2,France
DEU,HEALTHEXP,TOT,USD_CAP,A,2011,4510.1751,,80.8,Germany
GRC,HEALTHEXP,TOT,USD_CAP,A,2011,2520.6318,,80.8,Greece
ISL,HEALTHEXP,TOT,USD_CAP,A,2011,3420.6305,D,82.4,Iceland
IRL,HEALTHEXP,TOT,USD_CAP,A,2011,4514.9774,,80.8,Ireland
ITA,HEALTHEXP,TOT,USD_CAP,A,2011,3169.0494,,82.3,Italy
JPN,HEALTHEXP,TOT,USD_CAP,A,2011,3799.1178,B,82.7,Japan
LUX,HEALTHEXP,TOT,USD_CAP,A,2011,6040.591,B,81.1,Luxembourg
NLD,HEALTHEXP,TOT,USD_CAP,A,2011,4862.459,,81.3,Netherlands
NOR,HEALTHEXP,TOT,USD_CAP,A,2011,5515.1289,,81.4,Norway
PRT,HEALTHEXP,TOT,USD_CAP,A,2011,2566.9707,,80.6,Portugal
ESP,HEALTHEXP,TOT,USD_CAP,A,2011,2956.7857,,82.6,Spain
SWE,HEALTHEXP,TOT,USD_CAP,A,2011,4667.6964,B,81.9,Sweden
CHE,HEALTHEXP,TOT,USD_CAP,A,2011,5787.6672,,82.8,Switzerland
TUR,HEALTHEXP,TOT,USD_CAP,A,2011,887.9525,,74.6,Turkey
GBR,HEALTHEXP,TOT,USD_CAP,A,2011,3087.306,,81,UK
USA,HEALTHEXP,TOT,USD_CAP,A,2011,8171.0784,,78.7,US
AUS,HEALTHEXP,TOT,USD_CAP,A,2012,3807.6819,D,82.1,Australia 
AUT,HEALTHEXP,TOT,USD_CAP,A,2012,4646.4365,,81,Austria
BEL,HEALTHEXP,TOT,USD_CAP,A,2012,4286.4123,,80.5,Belgium 
DNK,HEALTHEXP,TOT,USD_CAP,A,2012,4544.8568,,80.1,Denmark
FIN,HEALTHEXP,TOT,USD_CAP,A,2012,3758.9973,,80.7,Finland
FRA,HEALTHEXP,TOT,USD_CAP,A,2012,4062.9108,,82.1,France
DEU,HEALTHEXP,TOT,USD_CAP,A,2012,4694.681,,81,Germany
GRC,HEALTHEXP,TOT,USD_CAP,A,2012,2324.2907,,80.7,Greece
ISL,HEALTHEXP,TOT,USD_CAP,A,2012,3506.4164,D,83,Iceland
IRL,HEALTHEXP,TOT,USD_CAP,A,2012,4658.284,,81,Ireland
ITA,HEALTHEXP,TOT,USD_CAP,A,2012,3174.261,,82.3,Italy
JPN,HEALTHEXP,TOT,USD_CAP,A,2012,4016.7772,,83.2,Japan
LUX,HEALTHEXP,TOT,USD_CAP,A,2012,6423.1651,,81.5,Luxembourg
NLD,HEALTHEXP,TOT,USD_CAP,A,2012,5044.2654,,81.2,Netherlands
NOR,HEALTHEXP,TOT,USD_CAP,A,2012,5738.4827,,81.5,Norway
PRT,HEALTHEXP,TOT,USD_CAP,A,2012,2535.7284,,80.5,Portugal
ESP,HEALTHEXP,TOT,USD_CAP,A,2012,2929.3567,,82.5,Spain
SWE,HEALTHEXP,TOT,USD_CAP,A,2012,4860.2524,,81.8,Sweden
CHE,HEALTHEXP,TOT,USD_CAP,A,2012,6288.6475,,82.8,Switzerland
TUR,HEALTHEXP,TOT,USD_CAP,A,2012,911.293,,74.6,Turkey
GBR,HEALTHEXP,TOT,USD_CAP,A,2012,3191.936,,81,UK
USA,HEALTHEXP,TOT,USD_CAP,A,2012,8422.99,,78.8,US
AUS,HEALTHEXP,TOT,USD_CAP,A,2013,4176.853,D,82.2,Australia 
AUT,HEALTHEXP,TOT,USD_CAP,A,2013,4806.3934,,81.2,Austria
BEL,HEALTHEXP,TOT,USD_CAP,A,2013,4485.4804,,80.7,Belgium 
DNK,HEALTHEXP,TOT,USD_CAP,A,2013,4708.1321,,80.4,Denmark
FIN,HEALTHEXP,TOT,USD_CAP,A,2013,3890.7877,,81.1,Finland
FRA,HEALTHEXP,TOT,USD_CAP,A,2013,4292.1762,,82.3,France
DEU,HEALTHEXP,TOT,USD_CAP,A,2013,4921.8139,,80.9,Germany
GRC,HEALTHEXP,TOT,USD_CAP,A,2013,2339.7827,,81.4,Greece
ISL,HEALTHEXP,TOT,USD_CAP,A,2013,3739.4503,D,82.1,Iceland
IRL,HEALTHEXP,TOT,USD_CAP,A,2013,4980.3999,B,81.1,Ireland
ITA,HEALTHEXP,TOT,USD_CAP,A,2013,3141.8651,,82.8,Italy
JPN,HEALTHEXP,TOT,USD_CAP,A,2013,4151.7546,,83.4,Japan
LUX,HEALTHEXP,TOT,USD_CAP,A,2013,6629.0284,P,81.9,Luxembourg
NLD,HEALTHEXP,TOT,USD_CAP,A,2013,5250.3058,,81.4,Netherlands
NOR,HEALTHEXP,TOT,USD_CAP,A,2013,5966.6373,,81.8,Norway
PRT,HEALTHEXP,TOT,USD_CAP,A,2013,2538.7046,,80.8,Portugal
ESP,HEALTHEXP,TOT,USD_CAP,A,2013,2952.175,,83.2,Spain
SWE,HEALTHEXP,TOT,USD_CAP,A,2013,5003.1323,,82,Sweden
CHE,HEALTHEXP,TOT,USD_CAP,A,2013,6635.2769,,82.9,Switzerland
TUR,HEALTHEXP,TOT,USD_CAP,A,2013,969.3608,,78,Turkey
GBR,HEALTHEXP,TOT,USD_CAP,A,2013,3881.09,B,81.1,UK
USA,HEALTHEXP,TOT,USD_CAP,A,2013,8617.4287,,78.8,US
AUS,HEALTHEXP,TOT,USD_CAP,A,2014,4206.8516,,82.4,Australia 
AUT,HEALTHEXP,TOT,USD_CAP,A,2014,4895.9992,,81.6,Austria
BEL,HEALTHEXP,TOT,USD_CAP,A,2014,4522.045,,81.4,Belgium 
DNK,HEALTHEXP,TOT,USD_CAP,A,2014,4857.0285,B,80.8,Denmark
FIN,HEALTHEXP,TOT,USD_CAP,A,2014,3870.4,,81.3,Finland
FRA,HEALTHEXP,TOT,USD_CAP,A,2014,4366.9864,,82.8,France
DEU,HEALTHEXP,TOT,USD_CAP,A,2014,5119.2146,,81.2,Germany
GRC,HEALTHEXP,TOT,USD_CAP,A,2014,2220.1065,,81.5,Greece
ISL,HEALTHEXP,TOT,USD_CAP,A,2014,3896.9251,D,82.9,Iceland
IRL,HEALTHEXP,TOT,USD_CAP,A,2014,5001.322,,81.4,Ireland
ITA,HEALTHEXP,TOT,USD_CAP,A,2014,3206.8286,B,83.2,Italy
JPN,HEALTHEXP,TOT,USD_CAP,A,2014,4152.3727,P,83.7,Japan
LUX,HEALTHEXP,TOT,USD_CAP,A,2014,6682.237,P,82.3,Luxembourg
NLD,HEALTHEXP,TOT,USD_CAP,A,2014,5276.6003,,81.8,Netherlands
NOR,HEALTHEXP,TOT,USD_CAP,A,2014,6080.998,P,82.2,Norway
PRT,HEALTHEXP,TOT,USD_CAP,A,2014,2583.8438,,81.2,Portugal
ESP,HEALTHEXP,TOT,USD_CAP,A,2014,3053.0745,,83.3,Spain
SWE,HEALTHEXP,TOT,USD_CAP,A,2014,5065.1613,P,82.3,Sweden
CHE,HEALTHEXP,TOT,USD_CAP,A,2014,6786.5657,,83.3,Switzerland
TUR,HEALTHEXP,TOT,USD_CAP,A,2014,990.1908,,78,Turkey
GBR,HEALTHEXP,TOT,USD_CAP,A,2014,3971.394,,81.4,UK
USA,HEALTHEXP,TOT,USD_CAP,A,2014,9024.2064,,78.8,US
